{"accuracy": [0.5881214737892151, 0.855850338935852, 0.9132939577102661, 0.938359797000885, 0.9538658261299133, 0.964392900466919, 0.9710648059844971, 0.9758731126785278, 0.9785333275794983, 0.9807383418083191], "loss": [1.4061505794525146, 0.45361724495887756, 0.2701040208339691, 0.18820448219776154, 0.13922502100467682, 0.1085214838385582, 0.08899519592523575, 0.07294303178787231, 0.06652845442295074, 0.05961480364203453], "val_accuracy": [0.8229000568389893, 0.9080924391746521, 0.9001821279525757, 0.9339858889579773, 0.9487252235412598, 0.9425790905952454, 0.9477008581161499, 0.948952853679657, 0.9709765315055847, 0.9655702114105225], "val_loss": [0.5551572442054749, 0.28079724311828613, 0.3391919434070587, 0.20713473856449127, 0.1592589169740677, 0.1819237768650055, 0.16880939900875092, 0.17125250399112701, 0.09654837101697922, 0.11322531849145889]}